这也太能跑了！张琳艳开启狂飙模式，连追2人硬生生抢到球权	体育
韩国政坛历史首次！检方打破不成文惯例，当庭逮捕尹锡悦岳母	新闻
央视文娱点评《我的人间烟火》：拿旧地图找不到新大陆，跟上审美	电视剧
醒醒！汉密尔顿杆位！周冠宇第五！过年了！	体育
EDG保底冒泡赛UZI哭了，Mlxg揪心锐评UZI内心感受，还是他最懂UZI！	游戏
视频丨大暑至 夏意浓	新闻
冬鹪鹩欢快婉转鸣叫声，使人感到愉悦舒畅	纪录片
二喜从屋里带块烟熏腊肉来，秋妹用笋子和蒜苗炒来吃，香得很	美食
卢拉宣布一揽子法令加强巴西公共安全	新闻
第十六届香港青少年军事夏令营正式开营	军事
丁霞&陈曦悦！中国女排年龄最大与最小的两位球员现身北仑集训	体育
青岛队主帅：先进球的球队占据了优势	体育
湖南阳明山哪些地方最好玩？双牌融媒小姐姐喊你快来抄作业！	旅游
当“社恐”在演唱会上被求婚，女生第一反应不要太搞笑	生活
细节满满！近距离看122毫米火箭弹，一个小零件竟能控制射击距离	军事
122毫米火箭炮的底盘性能有多强？沟壑起伏的丘陵也能如履平地！	军事
水庆霞质疑丹麦绝杀球！从我的角度来说有疑义，很多年轻球员在更衣室都哭了	体育
飞往无锡的航班在扬州紧急备降！随机运输有人体活体器官	新闻
特战队员丁浩：百炼成钢，方能百战百胜	军事
上海暴雨漫展场馆被淹，Coser直接走进大雨，在路边全身卸妆	新闻
如果没有哈白布，他就是西班牙的中场指挥官——圣迪亚戈·卡索拉	体育
太符合人设！女孩没看到章鱼哥击掌的爪爪，章鱼哥便“嫌弃”了她的拥抱	生活
电影《慕尼黑》以色列针对1972年“慕尼黑惨案”展开血腥报复	影视综艺
清华在河北？北大在重庆？部分高校的IP地址和所在地不符	生活
大约有一千八百万只剪水鹱展开了一场无与伦比的大迁徙	纪录片
世界泳联世锦赛男子10米台决赛 练俊杰第四跳91.80分	体育
“核电大协作”，100多家企业通力合作，从零蹚出一条中国核电装备制造之路	新闻
部分外来物种被当作“异宠”非法引入国内	新闻
世界杯开门黑！中国女足0-1不敌丹麦，89分钟遭绝杀，下场生死战	体育
上海男子穿西装划“泡沫板船”回家：因暴雨被困3小时，不想等了	新闻
机动车c1驾驶证初次申领科目二场地驾驶技能考试 考试要点提醒	汽车
媒体：英情报人员协助乌破坏克里米亚大桥	军事
21天宝宝泡药浴治湿疹染成卤蛋色	生活
朱婧佳演唱《陪我看日出》，句句醉人心扉，百听不厌	音乐
小品《特殊排练》：孙涛被俩美女找麻烦，逗得观众乐开怀	综艺
济宁：迷路老人躺在马路上，身旁车辆呼啸而过，过路城管伸援手	新闻
18岁少女即将进行第三次开腹手术，好友纷纷打来电话，为她加油	综艺
这是韩国裁判？韩国组合动作完全不同步，竟然还能拿58.50分	体育
F1 2023 匈牙利大奖赛 FP3 精华时刻	体育
脱困！座头鲸被绳索紧缠数日，终获救	新闻
人社部：上半年中国城镇新增就业678万人完成全年目标57％	新闻
爱情保卫战-婚前丈夫承诺出20万彩礼，妻子竟婚后都没收到这笔钱	综艺
恐怖…33岁健身网红深蹲举重时出意外，180公斤杠铃压断脖子，送医后不久死亡	生活
雨花茶+烤鸭+咖啡，会碰撞出怎样的味道？	美食
国宝不愧是国宝，毛竹：谁也别想叫我回家	动物
《野挺有趣》张小婉送饮料自爆守护者黄宗泽秀土味“情话”	综艺
4岁男童脖子被卡防盗网，身体悬空摇摇欲坠，危急关头叉车师傅及时赶到	生活
3岁女童光脚在路边哭泣，民警耐心询问，女孩：我妈妈走丢了	新闻
花满杭城 香飘亚运	新闻
全红婵输给陈芋汐不甘心！高情商回应被过度关注，可可爱爱送祝福	体育
新能源充电涨价，记者实探新能源汽车充电站服务费上涨	新闻
沙茶牛肉粉丝煲，这是什么神仙搭配！	美食
杭州一景区漂流拥挤发生翻船，景区：无人受伤，现场有工作人员	生活
一箭四星！我国成功发射四象01星等4颗卫星	新闻
获评9.5分！中国女足0-1失利，她却成全场最佳，22岁成女足新核心	体育
美媒：西方援乌装备重点从“供应”转向“维修”	军事
云南人篝火燃起来，音乐一响，拦都拦不住	生活
女排二队遇挑战！斯堪迪奇两猛将加盟意大利，波兰也有强力队员！	体育
阿拉善的骆驼不“罢工”，最美的沙漠泰酷辣！	旅游
郑钦文正手反斜线抽制胜球 破发胜盘6-4先声夺人	体育
旧闻新说｜夏日夜游京城公园，您体验过吗？	新闻
墙中有宝！租户墙内发现40万巨额财物	生活
阿尔卡拉兹继续连胜，抢十险胜丘里奇	体育
中介称20万就能买国企身份，律师：触碰法律红线，可能构成刑事犯罪	新闻
眼红中国自动驾驶技术，美国欲展开调查，特斯拉恐成反制对象	新闻
来延吉的民俗园和不夜城，乐享美好夏夜！	旅游
黄宗泽下厨自制凉拌螺蛳粉，张嘉元螺蛳粉初体验	综艺
逆行女司机质问对向车：你甭管我逆不逆行，你怼着我车头开应不应该	新闻
巴特勒与球迷互动 展示球技引惊呼	体育
农业“稳”：农业农村经济运行总体平稳	新闻
普京提醒波兰，别忘了斯大林送的礼物，反而勾起了波兰的血海深仇	军事
农业农村部：农业灾害形势复杂，夏粮丰收来之不易	新闻
1分变0分.. 下半场临近结束前，丹麦利用角球绝杀中国女足	体育
胸部黄金28响炮	体育
俄央行宣布将关键利率上调100个基点	新闻
免费蹭顺风车一起回乡，途中出车祸导致一人死亡！后果由谁负责？	新闻
TOC6前哨赛突围赛 ROUND2	游戏
上诉期15天，最后一天上诉？	教育
中国网友在法国搭便车，上车后发现司机师傅放凤凰传奇的歌	生活
“哏都”天津：男子情绪失控11楼欲轻生，“listen to 掰掰”重出江湖	生活
被八角笼治愈的少年：除父母亲人外，没有感情能超过练武人之间的心心相惜	体育
郭碧婷带儿女为向佐庆生！探班送生日惊喜，一人抱一娃温馨幸福	娱乐
34国联合对华施压，要求加强领海船只识别，防止朝鲜规避制裁	军事
这三句台词，让玉骨遥封神	电视剧
布朗结束球员工会活动已回到波士顿！下周重启续约谈判，最大可达5年3.04亿	体育
“突然到账2万6！”杭州不少网友晒截图，现在入手还香吗？	财经
美媒：中国构建泛亚铁路网的愿景正在稳步推进	新闻
【视频】守护孩子健康从“口”开始！武汉太平社区开展爱牙护齿小课堂	新闻
历史上的《塞下曲》，唱响的时候，往往是苍茫而豪阔的	文化历史
没想到房子滞销好处这么多：试点现房销售，降存量房贷松口	财经
游泳池水质是否安全，专家教您两招判断方法	新闻
【进球】阿布雷乌首秀助攻！姜祥佑单刀直面门将抽射扩大比分	体育
费翔为《封神》有多拼？半夜3点跑步塑身，坚持一年半控制饮食	娱乐
可惜！中国女足89分钟丢分，0-1输丹麦，输球主要有2大原因	体育
李凯尔入籍完成和男篮汇合！带来的改变or救世主？	体育
小品《体检风波》：钱顺风拿错体检报告闹乌龙，包袱段子抖不停	综艺
请远离！北京全市河道正在行洪	生活
乌军集束弹药打击俄军画面曝光：普通火炮先打，集束弹药补刀	军事
福建厦门：300多家特色小店，与你邂逅沙坡尾	新闻
苏州GT show奥迪失控	汽车
以案说诈之受害者的自述	新闻
国家防总针对蒙辽吉黑启动防汛四级应急响应	新闻
日本市民团体开设网站反对福岛核污染水排海	新闻
快语青平：夜间消费要提防“夜间浪费”	新闻
乌克兰重金悬赏的俄指挥官，被莫斯科逮捕了，不开一枪除去大敌	军事
30秒 | 成都大运村“开村” 执行副村长苏波介绍大运村亮点	新闻
被火箭弹炸过的阵地什么样？密布上百个弹坑，靶标都被炸粉碎！	军事
媒体：克里米亚大桥遭破坏可能是英情报人员协助乌策划的	军事
山西右玉“不毛之地”变身“塞上绿洲”	新闻
美官员：乌克兰或于年底前接收F-16战机	军事
美国北卡罗来纳州遭龙卷风袭击	新闻
母亲离奇失踪，30年没有下落	新闻
鳞鲀警惕地守护着自己的领地，当入侵者出现时，筑巢的鳞鲀会及时回击	纪录片
加拿大林火过火面积达11.4万平方公里	新闻
传递好运！福建龙岩天空飘来七彩祥云	生活
俄发起大规模报复行动，乌防长建议让他国在乌建军事基地	军事
俄乌土各显“神通” 黑海战略通道控制力哪家强？	军事
家有小儿纠结何时割包皮？别慌，听专家这样说	生活
西安警方再查处一家为“回流生”参加中考造假的教育机构：抓获10名嫌疑人	新闻
帮美国“堵枪眼”？菲防长称准备应对台海，老杜警告会被中国打击	军事
大运会中国代表团抵达成都	新闻
孩子拖拉磨蹭，废了老母亲的武功，岂不知有些事儿家长一直没做对	育儿
中方在联大呼吁对非提供更多针对性帮助	新闻
60秒单摇374次，16岁少年刷新世界纪录	新闻
女子跟母亲吵架后试图跳河轻生：孩子仅4个月大，老公彩礼还没给	新闻
内蒙古锡林浩特降雨引发洪水，人员车辆被困	新闻
国产电磁枪已亮相！发射时没有火焰，可控制射击威力	军事
牛背鹭雏鸟为了食物展开激烈的争夺，甚至手足相残	纪录片
中国赛车迎来历史性一刻：周冠宇Q1排名第一，闪耀F1舞台	体育
百花齐放！2023年暑期档票房破百亿，多部高口碑影片人气爆棚	新闻
格斯塔德站，博格斯对阵凯奇马诺维奇，汉夫曼对阵梅杰多维奇	体育
美军一架无人侦察机在波兰坠毁	军事
何平：让各类所有制企业机会均等	新闻
台媒紧盯：台军“汉光演习”在即，解放军军机现身台海周边	军事
“开佛手”“拳佛手”因天气不同而形状不一，当地农户依靠种植川佛手增收致富	财经
男子挑战在天门山999级天梯跑酷，第一视角代入感太强，看呆众人	新闻
印尼健身网红深蹲举重时出现意外 180公斤杠铃压断颈椎不治身亡	新闻
华为、比亚迪双入围全球创新力企业榜单？中国企业创新该咋看？	财经
西安咸阳机场2023年旅客吞吐量已突破2000万人次	新闻
男子晕倒女子穿cos服冒雨跪地急救	生活
暴雨过后济南一道路积水 部分车辆泡水受损 附近居民：地势低洼，一下大雨就积水	新闻
甘肃陇南：川金丝猴家族再添新丁	新闻
无侦-8：外形近似乘波体！被军迷称为中国首款“太空无人机”	军事
“远亲”上门套近乎，诈骗老人是根本	新闻
巴勒莫站半决赛，郑钦文力克谢里芙，第二次打进巡回赛决赛	体育
川金丝猴家族再添新丁	新闻
全国76个高铁站点开通互联网订餐服务	新闻
恋爱期间出的首付款，分手后如何分割，律师给出解答	新闻
看似姐妹实则母女，倾情献唱《我不想说》，简直太好听	综艺
战略支援部队信息工程大学2023届学员毕业典礼隆重举行	军事
美国佛州海岸常有毒贩扔毒品，专家称附近鲨鱼可能嗑药上瘾了	新闻
媒体：西安疑有人用回流政策掐尖河南	新闻
男孩乘坐旅行社包机，发现中国地图被区别对待，一眼看出提出质疑	新闻
莫龙丹演唱《留下》，悠扬美妙的旋律，听完久久回味	音乐
TVB低调嫁豪门女演员：吴美珩在剧组不争不抢，阔太身份藏了7年	娱乐
别拿摩托不当车！男子两次酒后骑摩托出事故，结果摊上事了	新闻
幼儿园老师发作业时将本子扔地上， 园方：违反师风师德 已开除	生活
澳媒：日自卫队将首次在澳发射12式反舰导弹	军事
日本：核污染水排海冲击冲浪相关行业	新闻
女足世界杯，西班牙大胜哥斯达黎加	体育
为什么我们会从物品上看到人脸？一次讲清面孔空想性错视	教育
汉水济渭 惠泽万家 陕西水利工程首台盾构机“奋进一号”穿山越岭打通隧洞	新闻
光头女孩痛失初恋深陷抑郁，仍带病寻找狠心男友，险患绝症	综艺
斯诺克的精髓，墨菲与塞尔比防守线路大PK，赵心童馋哭了！	体育
时隔1年，印度突然又宣布限制大米出口！背后原因有3个？	新闻
19岁男生给旧空调标价1000元，回收师傅多给1000元，男生痛哭跪谢	新闻
本届大运会国外运动员陆续抵达	新闻
匈牙利反对欧盟向乌新增200亿欧元军事援助说明欧盟内部存在矛盾	新闻
经常随意投喂动物？你的好心可能办了坏事	教育
拜登说“我就是人工智能”，梅德韦杰夫嘲讽，提到一首摇滚歌	生活
媒体：世界杯首战吞最差结果，但中国女足没理由泄气	体育
全国各大高铁站纷纷开启“清凉”模式	新闻
克里米亚大桥一度关闭，已恢复汽车通行	新闻
额尔古纳乐队和观众互动合唱，一首《上海产的半导体》嗨翻全场	音乐
心领神会！队友强攻不成回传海达拉弧顶三分一发入魂	体育
美国整合亚太盟友力量，企图在地区实现快速机动，内容值得警惕	军事
慢镜回放中国女足丢球：对手干扰门将，裁判认定伸脚球员没越位！	体育
何某的案件变更被告，究竟是怎么回事	新闻
马可快住嘴！你队友都被你毒完了	游戏
感受铁骨柔情，重温舍身报国的民族气节	新闻
再次集会！日本民众坚决反对核污染水排海	生活
俄军对乌克兰发动大规模导弹和无人机袭击	军事
北约开始向中国家门口挺进，我国敢战方能止战	军事
中国为什么不惜花700亿，也要挖出平陆运河？如今运河还有用吗？	科学
警方打掉技术开锁盗窃团伙，现场画面	新闻
何以山东丨德州市博物馆研学公益夏令营开启多彩假期	新闻
朝鲜警告半岛安全形势发生根本性变化，或满足核武使用条件	军事
女生给你说天气热怎么回？	生活
赛事集锦：“2023世界女排联赛”最有价值球员和最佳接应巴尔加斯	体育
若耶溪今名平水江，是浙江绍兴市域内一条久负盛名的溪流	纪录片
房被拍卖被执行人拒搬离，“老赖”腾房时哭着找媒体诉苦，看见法官瞬间变脸解释	生活
炮拳与超人拳的较量！又一场篮球的对决？	体育
汪小菲一家久违团聚，分享与儿女度假细节，9岁小玥儿撒娇超可爱	娱乐
中央气象台 未来三天华北黄淮等地局地气温将超35℃	新闻
抢票拼手速、排队拼体力……火热暑期游体验感如何升级？	新闻
沈阳夜市竟然还有像烟囱的面包？！	美食
美国商人捐赠10块贝多芬头骨碎片，研究人员将用于研究其生前所患疾病	生活
“上下楼”变“上下游”，五层厂房串起整条生产链	新闻
勒克莱尔出现失误 赛车开出赛道 幸运的是没有撞车	体育
全国资格选拔赛河北张家口站首日 朝鲁门爆冷出局 王金蕾遭遇逆转	体育
中国车手周冠宇第五位！F1 2023 匈牙利大奖赛排位赛精华	体育
《有朋自远方来》内蒙古自治区第十五届运动会歌曲	音乐
西安市出台五条措施，严肃中考政策环境	生活
 1-0，1-0！欧洲球队两连败，男子化失败，中国女足才是正确路线	体育
加大专精特新中小企业引才育才力度	新闻
漫步金沙滩、赏别样风景、尝地道海鲜！跟随镜头来打卡韩国釜山	新闻
2023年雷州首封清华大学录取通知书送达！	新闻
美战略核潜艇4日游 将朝鲜半岛推入“核对峙”	军事
鸟妈妈刚离开，杜鹃鸟就把小鸟推出鸟窝	纪录片
前女排运动员赵蕊蕊，把一个人的生活过的有滋有味，酷爱恐怖片！	综艺
《超能一家人》影评：以为《夏洛特烦恼》是开始，结果却是顶峰！	电影
男子自驾318国道见沿路遍地垃圾	新闻
全国各大高铁站纷纷开启“清凉”模式	新闻
积蓄新活力，上半年新设外企数量快速增长	新闻
做自己的光：周佳琪渣男面目暴露，赵媛媛陪了他5年，而他心里却一直想着初恋	电视剧
莫斯科一购物中心热水管爆裂致4人死亡：商场内腾起蒸汽 烧伤者被送医治疗	新闻
夏季轮胎气压是否需要调整？	汽车
凉快！日本一动物园为“住户”送上冰块大礼包	新闻
瑞典超北雪平vs代格福什 别人贪婪我恐惧，别人恐惧我贪婪！	体育
未成年人乘火车新规实施 没带证件怎么办？收好这份“应急锦囊”	新闻
警惕！美空军在太平洋展开“最大规模”战备演习	军事
中国证监会：就特定短线交易监管公开征求意见	新闻
巧妙配合打穿防线 盛冈穗香空切进程上篮打进	体育
神舟十六号航天员乘组：圆满完成出舱活动全部既定任务	新闻
普京指责波兰“有野心”：若侵略白俄罗斯，俄方必将出手还击	新闻
深情渔歌迎球员，疍家渔歌传承人唱出自创歌曲《铺前欢迎你》	生活
广东：客流量大增，部分图书馆一位难求	新闻
美军方摊牌，为与中俄冲突做准备！美参院投票，禁止售华石油	军事
《雪中悍刀行》曹长卿：天象境独占八斗气运，与王仙芝打成平手	电视剧
提供集束弹药并煽动反俄情绪，西方将乌克兰危机逼向死胡同	军事
这是库里彻底证明自己的一场比赛！回顾抢七生死战萌神爆砍50分	体育
歼-20、歼-16等代表性装备将集中亮相	军事
桂林一医院称将给殴打游客的筏工补助3万：他们为桂林旅游忍辱负重	新闻
被低估的传球手！哈利伯顿22-23赛季妙传合集	体育
日语版《好汉歌》魔性十足，歌词太烫嘴，普通人根本唱不了！	音乐
千呼万唤始出来的《封神》没能封神，问题不少，但下次还看	电影
梅西首秀贝克汉姆成大忙人！与詹姆斯热聊，合影卡戴珊一家	体育
美国援乌花了2000亿美元，特朗普要欧洲赔偿	新闻
5-0！美国女足大胜东道主，一人三次乌龙，怀疑美国打假球没证据	体育
美国非法驻军对代尔祖尔省一村庄实施袭击	军事
山东深入挖掘红色文化资源，加强村庄红色场所的保护发展利用	新闻
退休爷奶凌晨4点抱双胞胎孙子喂奶	生活
帕劳籍集装箱船在高雄港外沉没，上千个空集装箱漂在海面	新闻
伪造银行存款余额证明，尹锡悦岳母当庭被捕	生活
河南卫辉：顾客称餐品有问题申请退款？附近商户：他不是第一次吃“霸王餐”了	新闻
西北大戈壁突然“变脸”，沙尘暴来袭，防空阵地被瞬间淹没！	军事
酒吧违规接待未成年人并售卖酒水，致一未成年女孩被性侵：罚款2万元	新闻
老艺术家陈道明，敬业精神让李成儒赞不绝口，现场分享！	综艺
激光武器速度高达30万千米每秒！瞄准就意味着击中目标	军事
画面曝光！日本直升机航母监视中俄军演，俄军向其喊话	生活
“高颜值”土豆泥，全凭实力出道！	综艺
小伙医院做手术，旧伤没好又添新烫伤，医院负责人：工作不慎责任我们承担	新闻
科创板开市四周年，首发融资额超8400亿元	财经
失误了！世界泳联锦标赛跳水男子单人十米台决赛，练俊杰第五跳70.20分	体育
泽连斯基一声令下，两名乌高官乌纱帽落地，基辅再次上演大清洗	新闻
宛如巅峰梅西过人！张琳艳面对丹麦6人包夹，从容完成打门	体育
为何一到“七下八上”雨水就变多？	新闻
妙趣横生！神十六出舱任务精彩回顾	科技
没有取得驾驶证驾驶机动车的，会被追究法律责任，正确还是错误？	生活
话筒NBA｜库里：生涯初期詹姆斯告诉我如何度过困难 他是我的朋友	体育
厦门国有企业新增岗位不低于50％比例	新闻
男子工地遇虎鼬激动拍视频，不停碎碎念“二级保护动物”	生活
埃及媳妇回中国后胖了4斤，直言宁夏美食太诱人，想不胖都难	旅游
国家发展改革委：《关于促进汽车消费的若干措施》出台	新闻
普京：乌可动员兵力接近枯竭，西方提供的武器装备已接近耗尽	军事
重磅文件民营经济31条发布！央视新闻频道《新闻1+1》报道民企信心如何提振？	生活
3-3！中超火爆一战，垫底队终结7连败，双方激烈冲突，补时14分钟	体育
实战演示！我国高速无人艇集群对海上不明目标拦截驱离	军事
泽连斯基画饼：乌克兰收回克里米亚，打包给美国，打造成世界硅谷	新闻
江苏南京：暴雨致水淹车数量激增	新闻
2023暑期档票房破百亿！《消失的她》位居榜首，沈腾新片未进前10	电影
从北京穿越到幽州，房车走永定河峡谷，京城最险挂壁公路能过去么	旅游
铃木行驶中深踩油门有异响是什么原因？	汽车
哥伦比亚昆迪纳马卡省洪灾已致21人遇难	新闻
纽约，巨星迈克尔杰克逊空降，第九届法拉盛好声音致敬经典现场	生活
齐聚英国苏格兰，数百只金毛犬参与“寻根之旅”	新闻
蔡英文当局“新南向”成效不彰，台积电赴美为何“水土不服”？	新闻
美军一架无人侦察机在波兰坠毁	军事
气候变化导致全球多地林火肆虐	新闻
丁霞如果回归 不仅会开启朱婷回家的希望 还堵死姚迪回归路	体育
中超上演全武行！现场打成一片 外援逃红牌嘲笑裁判 荒唐载入史册	体育
朝鲜严厉警告美战略核潜艇入韩	军事
35分！英国选手上岸憨憨吐舌：对不起，我不是故意的	体育
大雁是一种非常警觉的鸟，它们在远征的时候，经常会留下一两只大雁作为卫兵	综艺
各种馅料的派对酥皮馅饼是怎样制作的？圣诞节上的美味小点心！	纪录片
小陈开车2小时到新市场淘狗，看一眼拿下3个白土松，最满意的收获	生活
朝鲜对美发核武警告？美空军展开“最大规模”战备演习	军事
大陆师生游台湾花莲太鲁阁 马英九当向导讲抗日故事	新闻
我成了全村第一个开拖拉机的女生	新闻
普尔开始练拳击，格林和库明加不和，巴特勒村BA第一分	体育
这语言天赋也是一绝！巴特勒现身村BA学习苗语竟快速学成	体育
上海地铁车厢里进水了？假的！这又是一段移花接木的视频	新闻
男生为恢复妈妈听力，考上了协和博士研究生！这应该是这位妈妈最骄傲的时候	生活
大暑至，诵夏意！诗声不止三万里	文化历史
不愧是体坛名将！谢杏芳产前练习下蹲，竟把自己蹲进医院	综艺
女排运动员赵蕊蕊，家人平均身高190cm，连灶台都高达95公分	综艺
抱完梅西抱贝克汉姆是吧！詹姆斯现身梅西首秀 TT充当跟班	体育
北约援乌坦克在俄乌冲突中能否发挥预想的效果	军事
业主吐槽新房交付不久，家里变成“水帘洞”，表示自己家在次顶楼，全屋为开发商精装修	生活
山东省2023年选派216名“业务院长”下基层	新闻
前往西藏第二天，火车上已经有人开始吸氧！高反抵达拉萨青旅	旅游
和杨幂划清界限？刘丹否认小糯米长得像妈妈杨幂，直言像刘恺威更多一些	娱乐
99A坦克“一挑三”！动用激光压制，炮射导弹全歼目标	军事
游客消费意愿下降，土耳其商家生意大不如前	新闻
国家防总：对内蒙古辽宁吉林黑龙江启动防汛四级响应	新闻
王治郅现身玉林兴业“村BA”，为比赛开球，现场与球迷互动	体育
中国女足0-1丹麦女足！中国最后时刻遭绝杀，王霜补时任意球中柱	体育
7月19日，河北唐山大城山公园内，一男孩疑因滑梯坡度太陡，摩擦受阻后直接翻摔下来	生活
比亚迪为何不怕被坑，计划在印度投资10亿美元生产电动车？	汽车
苏州GTShow场外一轿车失控撞护栏，官方：系社会车辆交通事故	生活
女足世界杯，中国女足VS丹麦女足，张琳艳开场后差点一条龙破门 	体育
宇宙大爆炸理论错了吗？韦伯望远镜发现与大爆炸理论相违背的现象	科学
TFboys十周年演唱会正式官宣，黄牛高价代抢票，粉丝直呼猖狂	娱乐
早起和日本主妇们抢便宜肉	生活
美日韩所谓“铁三角”并没那么“铁”	军事
“肯塔基”号或将与韩海军举行反潜等联合演训	军事
笑对人生的煎饼哥	纪录片
测评三全的猪肉灌汤小笼包，说好的皮薄馅多会爆汁，有些虚假宣传	美食
“鹰击-2023”中泰空军联合训练圆满结束	军事
总台华语中心赴德国英国举办海外观众座谈会	新闻
猩猩拽住水管想“越狱”，工作人员被逼使出杀手锏！	生活
韩国多地收到来自台湾可疑包裹，打开后使人眩晕、呼吸困难，首尔一大楼疏散1700人	生活
BaoBao站 | 复兴号助力九旬老英雄圆梦之旅	新闻
凉山彝族火把节点火仪式启动！火光如星火闪烁，现场热闹非凡	新闻
继续加油！中国女足世界杯首战失利，终场前丢球遭绝杀	体育
完全没听过！选手被9号门难倒，求助女友也没用，小尼给提示	综艺
张柏芝谢霆锋复合了？女方经纪人出面否认，称其是去澳洲探亲	娱乐
外卖小哥晕倒在路边，蜀黍喊话：您的外卖迟几分钟到	生活
暑期“小胖墩”扎堆就诊 警惕儿童肥胖引发的各类慢性疾病	新闻
一起看幸福：叶城歌舞团携手上海轻音乐团新编《金梭银梭·青春舞曲》，太酷！	音乐
俄媒：俄记者遭乌军集束炸弹袭击，一名战地记者身亡	生活
《长恨歌》演员冒雨表演，意外成就顶级BE美学，网友：比208万强	娱乐
莱荣高速铁路——威海和胶东半岛对外连接的新通道	新闻
长沙暴雨！白昼如黑夜	生活
黄晓明晒全家福为95岁姥姥庆生：家有一老如有一宝，姥姥真是我们的宝	明星
男子想要结婚生孩子，女友闺蜜就像丈母娘，搅合二人的感情	综艺
夫妻分居男子不管患病儿子，被诉付医疗费和抚养费，法院：支持	新闻
张朝阳的物理课：迅速学会格波的运动图像	教育
重庆降雨致城区道路积水交通受阻	新闻
只差冠军戒指！恩比德与相恋5年的模特女友完婚 3岁儿子当花童	体育
65元手柄超出认知！国产是如何撅了任天堂，横评	数码
父母去世后，女子暑假带孩子回娘家，周围邻居都热情送来自种蔬菜	生活
女子涉嫌诈骗被网上通缉 乘坐火车四处躲藏 被乘警识破	新闻
宫岩秒变“主持人”，对海阳一顿损，海阳脸都绿了	综艺
脐带发炎？延迟脱落？有关新生儿脐带护理的问题，最全解答在这里	育儿
用苗语打招呼 吉米·巴特勒来到贵州苗寨篮球场	运动
真漂亮！美国女足三脚传递打穿越南防线，索菲娅-史密斯单刀破门	体育
晨练遇好事？老人低价急卖“传家宝” 石景山警方破获街头诈骗案	新闻
美日韩军事行动频频，推高朝鲜半岛紧张局势	军事
重庆：强降雨致多地内涝，消防紧急救人排险	新闻
江南韵、国际范、智能化！感受南大苏州校区的双面魅力	生活
《欢颜》花絮：张译片场给佟丽娅撑伞围观看戏，廖凡变哄娃高手	电视剧
汪小菲直播回应没带孩子回北京原因，说对儿女成绩没有要求，教育方式引热议	娱乐
【回放】2023F1匈牙利大奖赛 第三次练习赛 全场回放	体育
未来中国：被野生大熊猫舔屏是什么体验？大熊猫中的“无敌破坏王”暴力拆机中	综艺
2022年山东法院受理家事一审案件130060件，离婚纠纷收案数量最多	新闻
武松打死老虎究竟要用多大的力量？	文化历史
中国驻韩大使：感谢饲养员们的精心照料	新闻
德鲁联赛首秀！欧文20分13板11助攻率队轻松赢球	体育
杂粮粥里糖分少，而且杂粮里纤维素相对较多，喝了以后会延缓吸收	综艺
今日大暑盛夏正浓，绿意满目	二次元
美澳日韩法英等13国3万兵力参加“护身军刀23”演习	军事
女子开豪车穿名牌鞋，却多次盗窃化妆品店，再次动手时被当场抓获	新闻
女子头回看海捡起蓝色小圆片，被网友提醒有毒：别乱摸容易重开	新闻
民进党内互打，谷辣斯指控陈莹为“不伦恋”幕后黑手	新闻
大陆歌曲深受台湾民众喜爱，台音乐平台新歌榜单前10名中有5首	音乐
德云角们互损有多搞笑，岳云鹏砸挂气坏于谦，损郭德纲还得孟鹤堂	搞笑
重返集安烈士陵园：父子两代“接替守陵” 战友雨中扫墓故事令人泪目	新闻
胡夏翻唱《忘记时间》让人落泪，那些曾经鲜艳过的画面再次浮现	音乐
克里米亚大桥22日两次关闭汽车通行	新闻
中国跳水队12金4银3铜收官！混双3米板上再入一金，男子十米台摘银得铜	体育
上海申花1-1长春亚泰！程长城闪击破门 蒋圣龙扳平	体育
老人晕倒路中央2位女司机停车救助：老人经住院治疗目前恢复良好	生活
成都大运会开幕式举行第三次全要素彩排	新闻
加拿大林火过火面积达11.4万平方公里	新闻
美国防部承认难以追踪输送给乌克兰的武器	军事
欧盟提出四年内向乌提供200亿欧元军事支持，西雅尔多：此举意味着延长冲突	军事
有哪些因素会导致食管癌？通过短片了解一下	生活
【宇宙杂谈】最新研究：宇宙年龄267亿岁！？	知识
猪价持续低迷！官方提醒：养殖场户要顺时顺势出栏肥猪	生活
21省份GDP“半年报”：11省份增速超全国 9省份增速超6%	财经
“种地不能打广告”？城管拔瓜农广告旗，官方通报！	生活
同心协力 救在身边！“四省一市”联合开展海陆空立体式救援	新闻
城中村为什么不可以这样？	新闻
李象九将自己所持有煤矿的全部股份上交给组织，在那个年代无疑是一笔巨款	纪录片
你觉得明年的CUBAL八强将会有哪支球队的一席之地！	体育
黑海成冲突新焦点，乌船无视俄警告要出海，普京敲打波兰不要冒险	军事
【采访】牟鹏飞：在把握机会这方面对手做的更好 希望我们能保持好的状态	体育
李象九向各处先进的煤矿学习，扩建井筒，改善井下的工作环境	纪录片
iQOO 11S深度体验7天：聊聊它的优缺点，说说我的使用感受	数码
业主占用连廊空间 涉嫌违建将被调查	新闻
三盘鏖战晋级！小花郑钦文险胜3号种子，首进红土巡回赛决赛	体育
2023枣庄山亭伏羊文化节开幕 多彩活动点亮“夏日经济”	新闻
张柏芝谢霆锋一家澳洲团聚！谢霆锋跪地教儿子滑雪，父子温馨互动	娱乐
石哈河万亩油菜花进入最佳观赏期，漫步田间仿佛置身金色海洋	旅游
美国多地遭冰雹袭击，车辆和房屋受损	新闻
国际精英赛 没有问题制造问题 吴浩诠释“虾打”	体育
里夫斯辟谣与泰勒绯闻：都是胡编乱造！透露世界杯后会开启中国行	体育
网友称海底捞小料收费，客服：每家店不一样	生活
波兰等五国呼吁欧盟延长对乌农产品禁令，乌方对此表示不满	新闻
湖人官方晒新援中锋劲爆集锦 已开始在洛城训练新季望搭档詹眉首发	体育
白宫：乌军已将美援集束弹药部署到实战中	军事
从江县城管回应“车轮带泥被锁车”：带泥上路不允许，口头教育，已放行	生活
江西短时强降雨致人员被困，消防紧急救援	新闻
小女孩骑滑板车横穿车流，热心小哥及时出手拽回，将其交还给家长	新闻
丁克森演唱《远走高飞》，旋律婉转，让人听一遍就爱上了	音乐
阿里发布2023财年财报，蒋凡时隔3年重回阿里巴巴合伙人位置	生活
2-0！姆巴佩替补破门，恩里克执教大巴黎首秀开门红	体育
中方严查日本“核海鲜”后，日媒探店中国各地水产超市，结果傻眼了	生活
内蒙古锡林浩特：降雨引发洪水致两货车被困	新闻
极限风速、极限距离……我军火箭炮分队挑战极限，实战能力新突破	军事
7.22KPL首发出炉：TTG也搞起科研，九尾携新射手回归，WB4老带1新	游戏
钟厚涛：美国频提“一中政策”，意在警告民进党	新闻
日本民众再次自发集会，坚决反对核污染水排海，批评政府不守承诺	新闻
小伙收到研究生录取通知书时，正在工地和水泥：以后打算回到农村	新闻
普京十分钟痛批波兰：贪婪的侵略政策曾酿下民族悲剧 如今再次觊觎乌克兰领土	新闻
匡琦带队出击U21世锦赛！江苏三将加盟、王逸凡段梦可王音迪驰援	体育
泰国“八党联盟”宣布组阁方针，为泰党称需争取更多国会支持	新闻
俄驻美大使馆：美制裁证实了俄罗斯追求金融和技术主权的准确性	新闻
乌克兰反攻沦为灾难，美国专家亲历俄乌前线，难怪俄军越打越强	军事
终于走到这步，10万俄军集结东北线	军事
未来中国：科学家大熊猫语十级，现场模拟大熊猫的叫声简直太萌啦	综艺
张雨霏坦然面对自己的不完美	体育
刘戈：破除隐性壁垒，要布置更要落实	新闻
小品《胎教》：二米粒儿做胎教听《忐忑》，包袱密集笑料百出	综艺
鲅鱼圈名字的由来	纪录片
四川内江市威远县发生3.3级地震，震源深度8千米	新闻
俄罗斯外交部副部长 俄正在开发向非洲国家提供粮食的新路线	新闻
希腊：罗得岛火势难控，20余艘船只协助疏散人员	新闻
“算盘”打在用户身上，应对复杂场景深耕核心技术	新闻
韩媒：韩总统尹锡悦岳母当庭被捕，系韩国宪政史上首次	新闻
用牙线觉得麻烦，用牙签代替可以吗？牙线如何正确使用？来了解下	综艺
天公抖擞，帮了俄罗斯！中俄边境城市黑龙江黑河的蓝天又回来了！	旅游
工业和信息化部，加大专精特新中小企业引才育才力度	新闻
卢纶的《塞下曲》里描写的，不仅有唐代的战争，也有汉代的故事	文化历史
黎巴嫩持续高温叠加电力短缺，民众生活受到严重影响	新闻
众人合力4分钟救回轻生男孩：一定要把他拉住	生活
女篮战舰出炉：王丽丽加盟四川 曾单场60分 组建五大国手豪阵	体育
音乐节观众举恶搞精神病医院旗帜，医院：与医院无关，已阻止	生活
女孩深夜桥边欲轻生男子奋力拽回	生活
美军司令称，俄乌冲突后美国或成唯一全球大国？吹着口哨走夜路	军事
女子带父母就医途中车辆抛锚被困 消防员冒雨蹚水将老人背出	生活
必备技术！克鲁伊夫经典转身过人，简单又实用	体育
韩国渔民团体集会反对日本核污染水排海	新闻
董宇辉回应“江郎才尽”评论：至少肯定了我的过去	明星
上海：伏天吃羊，羊肉走俏市场	新闻
神秘人不敌自由人，韩旭缺席，李梦全场7中1	体育
拒绝盲人携带导盲犬入住酒店，甚至拒绝退款，被嫌弃的导盲犬究竟招惹了谁？	新闻
“肯塔基”号最多可携带20枚“三叉戟II”型导弹	军事
危险！海边玩耍，祖孙三人意外进入深水区，救援队员紧急施救	新闻
印尼健美明星扛180公斤杠铃做深蹲时意外身亡，被杠铃压断颈部 神经受到严重损伤	生活
遗憾丢金！练俊杰决赛集锦：第五跳失误 总分512.35分摘银	体育
卡出新姿势！熊孩子钻进洗衣机被卡，消防员30分钟“拆桶救援”	新闻
恭喜！阜阳坐轮椅高考的男孩方嘉琪被安徽大学人工智能专业录取！	生活
李成儒虽严肃人缘却极好，首次拍摄电影，全靠好友帮忙	综艺
新疆加强棉花田间管理，积极应对高温天气	新闻
因挪车发生纠纷 酒驾司机弃车逃跑	新闻
加州再现“动物爱冲浪” 顽皮海獭“骚扰”冲浪客	新闻
这也太帅了！直击交警铁骑训练现场，绕桩、窄路灵活自如	新闻
【抗美援朝战争胜利70周年·追寻先辈足迹 传承红色基因】英模万里行 点亮国防梦	军事
“一条鱼腥一锅汤”，教育岂容“挑肥拣瘦”	新闻
女子嘴唇肿半年手术取出半颗牙	生活
女主播擦边被罚60万，告诉我们为啥不能信直播的残酷真相	新闻
收到了免费的“刮刮乐” 女子被骗两万多	新闻
原来电音还能这么唱，玲花开口就跑调，张靓颖唱了电音版画心	音乐
《长恨歌》露天表演突发大暴雨，演员暴雨中沉浸表演，将悲剧美学展现得淋漓尽致	生活
21岁中国跳水女神火了，世锦赛加冕双冠王，笑容甜美温暖人心	体育
世界泳联世锦赛男子10米台决赛 练俊杰第二跳81.60分	体育
世界杯，上场丨赞比亚女足芭芭拉-班达：性别存在争议的“女姆巴佩”	体育
事故回顾：江西女子家中打扫卫生时，手不慎卡进便池口	新闻
公安部：专项行动侦办“网络水军”案件130余起，抓获620余人	新闻
医院内有车辆违停，保安淡定操作“挪车神器”	生活
最胖魔术师惊喜登台，现场表演魔术《爆杯》，简直太精彩	综艺
新闻观察：多措并举稳就业促就业	新闻
加拿大今年的林火为何比往年更严重	新闻
星时代-16卫星:高光谱探测，识别视觉无法区分的物质	新闻
2008年北京奥运会女单决赛 谢杏芳 vs 张宁 上演国羽内战！	体育
神秘VS自由人： 李梦攻传一体完美融合，约内斯库库里三分美如画	体育
外媒称美国将再向乌提供4亿美元军援	军事
3名初二学生自发在景点讲解历史，慷慨激昂 字字有力！“这才是中国少年应有的样子”	生活
女子旅游遇特大暴雨，居住酒店被水淹，地板全被泡开变“水景房”	新闻
世界上只有一种英雄主义，就是在看清生活真相后，依然热爱生活	生活
6人在毛血旺里吃出壁虎致呕吐住院，涉事饭店已停业	新闻
辽宁迎今年来最大范围暴雨：楼道进水台阶变“瀑布” 多车被淹	新闻
千百惠演唱《走过咖啡屋》，经典歌曲，曾创下上千万专辑销量纪录	综艺
山西阳泉强降雨致车辆抛锚人员被困，消防紧急救援	新闻
王献之死于（晋）太元十一年	综艺
海南“村VA”有多火爆？场外观赛人山人海	体育
强调“美方不会选边站”，美国频提“一中政策”，意在警告民进党	新闻
【新表速递】第52期：朗格又发新款腕表了？本周新表大盘点！	时尚
阿根廷：十字路口两车相撞，过街行人侥幸躲过一劫	新闻
漂亮！世界泳联世锦赛混双3米板决赛 中国组合第四跳74.4分	体育
女子担心首饰被偷花180存银行保险柜	生活
西安5条措施严肃中考政策环境	生活
女子拒绝给弟弟买房，被父母起诉了！！	新闻
旅游胜地罗得岛林火蔓延，约两千人撤离	新闻
梅球王首秀！赛前詹姆斯拥抱致敬，替补出战连送妙传展现球王本色	体育
复兴号亚运智能动车组在吉林长春下线	新闻
视频｜中国足协技术部部长谭海、战略规划部部长戚军被查	生活
巴盟台协主席王智弘：裁判实力雄厚 星牌推动中国台球持续发展	体育
1-0险胜！澳大利亚拒绝爆冷，世界杯新军无缘创历史，欧洲遭2连败	体育
张毅谈中式 积累对战经验最为重要	体育
中俄演习反潜，朝鲜亮明动用核武底线，美核潜艇悄悄撤离半岛	军事
我国大型电磁炮正在研制中！威力巨大，突破传统火炮极限	军事
“把人运到柬埔寨出售肾脏”，印尼警方解救122人！	生活
20斤肿瘤成功切除，战斗数小时的医生筋疲力尽，搬肿瘤都费劲	综艺
中国女生在巴黎打车发现司机竟然放凤凰传奇的歌，网友：果然听不懂的都高级	生活
EDG战胜OMG后，五队确定冒泡赛资格 ！杰杰点评自己像明凯	游戏
欧文德鲁联赛砍20+13+11 身穿最新战靴秀空接血帽	体育
中俄多领域对话合作齐头并进	军事
中国凉茶大战，没有赢家！“王老吉”的生意，越来越凉	财经
现场！莫斯科突发已致4死70伤 热蒸汽从购物中心大楼门口冒出	新闻
工资百万、身高150、初中学历的男生，你嫁吗？烫手山芋啊	生活
《新罗湖》践行高质量发展要求 建设总部新城	新闻
何平：引导民营企业聚焦专精特新等方向	新闻
俄罗斯黑海舰队和海军航空兵举行封海演习	军事
西北大漠，对空火力打击演练！红旗-16地空导弹车列阵出击	军事
中国最难懂的四川话，张子枫龚俊互飙四川话，何炅听到一脸懵！	综艺
景区回应狗狗跳进湖里追咬天鹅：相关部门在处理，允许带宠物但要拉好牵引绳	生活
庾澄庆现身儿子直播间！父子搞笑互动，哈利笑称爸爸每次都来	明星
女足门将“飞”起来多可怕：哥斯达黎加门前长城，单场10扑“锁”西班牙	体育
阿姨推车被车流按喇叭催促，好心小伙立马去帮忙，画面太温暖！	新闻
中国的“南天门计划”！10万吨级空天母舰“鸾鸟”模型震撼亮相	军事
《寻味·千湖之省 钟情·荆风楚韵》首站走进潜江	新闻
0比1遭遇丹麦队绝杀出线前景堪忧，2002年男足就是女足的现实目标	体育
高能！搭直升机给特高压输电线路“动手术”	新闻
生日大聚会，外国小姨子们都来了，去中国留学提上日程了？	生活
专家建议一二线城市应尽快取消限购	财经
锋芝有望合体？谢霆锋张柏芝都在澳洲，男方暖心带儿子滑雪	娱乐
女司机开奔驰逆行未被让路，下车讨要说法： 甭管我是不是逆行	新闻
关牧村演唱《月光下的凤尾竹》，天籁嗓音，令人陶醉	综艺
本该松软的“熟梨糕”，为何成了这样？女子怀疑：是不是掺东西了	新闻
我维和建筑工兵分队集训队完成阶段性选拔考核	军事
感受超高分贝，中国队开场造险，武汉女足小将全力喝彩助威	体育
世界泳联锦标赛跳水男子单人十米台决赛，杨昊第四跳88.20分	体育
【赛后采访】广州TTG.不然：我的镜那把特别可惜，感觉发挥的不是很好	游戏
布拖县千人同品黑绵羊肉，成功创吉尼斯世界纪录	生活
前房主遗落40万元财物新租户拾金不昧 老人去世财产藏暗格儿女不知	新闻
李梦战自由人集锦：7投1中送詹皇式妙传 她在场依然是赢球的	体育
千钧一发！患病母亲欲跳江轻生 三名外卖小哥与民警合力将其救下	新闻
又是赵睿？媒体人曝广东男篮运作陈国豪交易 有一名国字号明星当筹码	体育
西安市出台5条措施，对3608名“回流生”信息逐一甄别，查实造假即取消资格	新闻
美国防部承认难以追踪输送给乌克兰的武器	军事
吴蔚：中方沟通意愿与诚意从来都比美国更真诚	新闻
海南三沙：海龟受伤，消防员成功救助	新闻
西安某培训机构为“回流生”造假，警方已控制涉案人员13人	生活
新型肺癌标记物目前还不能用来确诊肺癌	生活
海南师范大学回应录取唐尚珺：已录名单中未看到其报考信息	生活
这趟列车从昆明开往北京，运行3174千米，是一趟王牌列车	科技
中国海军5支编队同时部署全球三大洋	军事
杜润旺说出离开中国男篮原因，隔空喊话乔尔杰维奇，杜锋没看错人	体育
世界杯 上场丨中国女足徐欢：备受争议的女足“诺伊尔”	体育
印度对“月船3号”变轨早有准备，燃料足够，有可能成功率99%	科技
中国选了个好时候，普京此行或将决定俄罗斯未来	新闻
0-2！菲律宾女足虽败犹荣，实力大幅提升，竟是学习中国男足 	体育
警方通报男子游泳被制止用铁链将工作人员绑树上：寻衅滋事，拘15日！	生活
电影《热烈》口碑爆棚，黄渤王一博点燃青春，使我勇敢追逐梦想！	电影
未来武器“玄女”空天战机！前掠翼设计，外形太科幻	军事
墨西哥一货车内发现148名非法移民	新闻
一个村子也要搞世袭！600亿资产1块钱卖身，“天下第一村”凉凉？	财经
北京体育赛事“井喷式”增长，全年赛事活动将达上万场次	新闻
浓雾弥漫，火箭弹能否打中目标？一轮齐射后所有目标被一一摧毁！	军事
愤怒！网友吐槽在独库公路看到遍地垃圾，呼吁游客保护环境	新闻
日媒：中老铁路开通为两国边境地区带来发展	新闻
故宫再现“九龙吐水”景观	生活
助力百所乡村学校体育 增“智”提质升级	生活
电动车突然被盗，民警及时追回	新闻
书法对联欣赏：杨帆策马	文化历史
行情如期进行震荡回落，会议前该做的动作要做完	财经
谷神星一号遥六运载火箭发射成功	新闻
意料之外！乌军拍摄视频测试俄军防护装备，不料竟被现场圈粉	军事
惜败！世界杯中国0-1遭丹麦绝杀 中国女足90分钟丢球暂列第三	体育
大暑炎炎，体验亲手制作汽水的乐趣｜节节的外拍VLOG	新闻
将美国取而代之？五角大楼称中方有意扩张，南太岛国选择明确	新闻
蓝环章鱼是海洋中毒性最强的生物之一，它通过唾液向猎物体内注入毒液使其瘫痪	纪录片
敦煌辟谣骆驼被骑死：动物们的生命不可承受之重	新闻
美国企图拉拢盟友，加厚西太地区的多重“火力环”	军事
名校遇上名城！南大苏州校区迎首批学生入驻	生活
半挂车碰撞护栏发生事故 系司机操作不当导致车辆拥堵	新闻
《灵魂摆渡2》君再来（下）赵吏不仅被冬青狂抽耳光还被小亚无情暴揍	电视剧
年龄多大血管开始长斑块？为什么有人30岁却像70岁的血管？	生活
男子生活不顺，情绪激动想跳楼轻生，特警出动索降救人	新闻
成年人有太多的烦恼，有空时一个人上山看大海，心情开朗了不少	旅游
女子失足坠桥被困 消防快速营救	新闻
希望你能把我放在心上	音乐
F1 2023 匈牙利大奖赛 FP1 精华时刻	体育
钻石大亨被“限高”，I DO为何被年轻人抛弃？｜思维生活+	财经
谢娜获Ella让C位，当之无愧的顶流，张杰恭喜老婆字字是爱	娱乐
超市买牛奶，在保质期内却成“豆腐脑”还有恶臭，企业态度太气人	新闻
泳池水质消毒不合格，眼部易感染	新闻
小伙在缅北目睹同胞逃跑被枪杀，短信报警誓死要回家，回国后狂扇耳光	新闻
中央追逃办：今年1-6月全国共追回外逃人员582人	新闻
枣庄市工友创业联盟成立大会暨“工友之家”创建工作推进会议召开	新闻
美国一客机舱内近44℃，等待起飞期间多人热晕	新闻
咖啡市集，沉浸式体验咖啡文化	美食
小品《玲儿想丁当》：常远男扮女装爆笑诱惑大佐，全程包袱抖不停	综艺
湖南益阳一男子湖中游泳被制止，反将工作人员用铁链捆绑在树上，警方通报：行拘15日	生活
乌11轮动员仍无建树，普京大赞俄军表现，撂话美军援也改不了战局	军事
上海市对口地区特色商品展销会开幕	新闻
一口气看完复仇爽剧地狱天使，本无正邪之分，何谈人心好坏！	电视剧
前方高能！和采风团一起探秘江门地下700米的“眼睛”	新闻
万恶之源星爵专属BGM，跨越50年的经典，如今依然超带感！	音乐
莫斯科一购物中心发生热水管爆裂事故 造成至少4人死亡 10人受伤	新闻
赖清德企图“过境”窜美，鼓噪“白宫梦”意欲何为？	新闻
坦克驾驶员讲述抗美援朝记忆：穿上家里寄的衣物冲向前线 想着牺牲了也就带走了	军事
多部门联合出台措施促进汽车消费	新闻
圆桌小记者“探警”丨首次走进警犬基地 与首都汪汪队亲密接触	新闻
林墨听到要罚款当场“掉凳”，这是杂技表演？	综艺
身体碾压！女足世界杯美国3-0越南：强硬抢断+5秒快攻进球	体育
无缘逆转！杨昊10米台决赛全场集锦 6跳获504.00分摘铜	体育
什么情况？申花10分钟内连续3主力无对抗拉伤，吴金贵脸色铁青这锅谁背	体育
女足世界杯-可惜！中国0-1遭丹麦绝杀，中国女足90分钟丢球暂列第三	体育
追随大爷爷的步伐，他立志戍守边疆！	军事
全民反诈初见成效，4个月拦截电诈1.1亿	新闻
甘肃敦煌骆驼忙到“累瘫”？业内人士：有农户拉两年骆驼赚一套房	新闻
老人在马路上放风筝险割人，被提醒后反被回怼：给你割掉才好	新闻
老人在马路上放风筝，差点割到过路人脖子，老人语出惊人：给你割掉才好	生活
山东蓬莱：海上仙山，人间仙境	新闻
健身网红深蹲举重失去重心，惨被180公斤杠铃“压断颈”，紧急送医身亡	新闻
猜忌丈夫与他人暧昧 怀孕女子被婆婆赶出家门：有过多次极端举动	新闻
男子撸串后肚子疼，医生在其肚中发现5厘米长牙签已刺穿肠道，紧急开腹取出	新闻
小品《玲儿想丁当》：常远男扮女装诱惑大佐，句句是梗逗乐全场	综艺
安理会就黑海港口农产品外运协议举行公开会，中方代表发言	新闻
俄罗斯卡马河上出现巨大“拐弯”水龙卷	新闻
比亚迪入选2023全球创新力榜TOP10，成中国唯二入围企业	汽车
“寄情大湾区——潘鲁生艺术作品巡回展”亮相山东美术馆	新闻
8岁男孩被困火场，辅警救援被飞溅玻璃划伤，视频记录全程	新闻
三伏天超长待机40天！今年中伏持续20天，本周末多雷雨	新闻
狗子见到镜子里的自己，知道那是它自己吗？	生活
李梦手感欠佳 神秘人遭遇两连败	体育
小清河首次载货试航 顺利抵达高青港	新闻
历史性的一刻！詹姆斯在梅西首秀现场遇到贝克汉姆！贝嫂机智地提议让两人合照	体育
WTA跟进张帅退赛事件，对手托特道歉	体育
美国：一核电站核污水泄漏，或将影响密西西比河	新闻
记者沙尘暴中直击防空演练：100米内看不见东西，吃了一嘴的土	军事
不怕刘雯吃醋？井柏然遇白百何亲昵拥抱，还帮她整理头发拎包包	娱乐
法国女高管被解职，曾因拍《花花公子》性感封面引争议	生活
凌晨的乌鲁木齐街头什么样？	美食
杭州天降暴雨，雨刮器累到罢工，车主下车冒雨维修仍未成功	新闻
范天恩血战飞虎山，麦克阿瑟上当	军事
男子含着蟑螂下馆子敲诈商家被拘，警方从该男子身上搜出20多只蟑螂	生活
2023年1-5月宣城各地财政收入，宁国总量出色，广德增速最佳	财经
女子晒家中“社恐猫”和“社牛猫”的对比，网友：像极了我自己	新闻
遭俄军大规模空袭后，乌克兰代表访问中国，希望中国能买更多粮食	军事
 揭秘所谓太元幺金	文化历史
相亲小伙机智地帮女孩解决“堂哥”杨帆出的难题，现场却差点失控	综艺
韩国很戏剧性一幕，总统尹锡悦的岳母当庭被捕！	新闻
谢娜成《浪姐4》最佳队长，有没有黑幕	综艺
谷神星一号遥六运载火箭发射成功	新闻
世界杯女足0-1丹麦：张琳艳频频射门 丹麦进球疑似越位	体育
济南：下班高峰迎强降雨，部分路段出现积水，交警冒雨指挥疏导	新闻
中俄“北部·联合-2023”联合海军演习拉开帷幕	军事
巴特勒与球迷互动 现场展示球技	体育
外媒称美国将再向乌提供4亿美元军事支持	军事
“敌机”神秘消失！连长冒了一身冷汗，防空导弹还能否命中？	军事
防空导弹刚刚打中目标，新的命令突然传来：马上转移！	军事
热浪席卷希腊，多地气温超40摄氏度	新闻
掌握五个原则，吃甜甜的水果血糖也能平稳	生活
台积电二季度业绩下滑一成，美国工厂量产确定延后  	财经
花千芳：保卫盟友！普京警告：对白俄的侵略将意味着对俄罗斯的侵略	新闻
海峡两岸联合采访团走进“镍都” 感受科技带来安全感	新闻
一瓶1块钱的水，商户分杯卖10块钱，合法吗？	新闻
冠状病毒引发猫传腹，30万只猫咪去了喵星，铲屎官们小心预防	新闻
坚持使用硬胎！周冠宇完成飞驰圈 暂列圈速榜第九位	体育
《国匠吴良镛》：对建筑学充满无限热爱，敬业精神让人敬佩	纪录片
黄晓明晒全家福为95岁姥姥庆生，小海绵站在老太太身边好乖巧	娱乐
理论一点点｜未来城市的行动目标	生活
世界泳联锦标赛男子50米蝶泳预赛，王长浩小组第9无缘半决赛	体育
关注苏丹武装冲突：谈判前景仍不明朗，民众期盼战争尽快结束	军事
电视剧《少年梁祝》主题曲《快乐人儿》，梁小冰欢快演唱，真好听	音乐
罗曼出场跟杰正式谈判，酋长家族的成员！	体育
相声《专家指导》片段：姜昆被伪专家爆笑忽悠，幽默讽刺社会乱象	综艺
交警检查过程中被市民撞伤 拦下后暖心劝导 只为市民安全出行	新闻
小品《宿醉狂想曲》：二米粒儿爆笑套路醉酒黄小黄，观众笑岔气	综艺
小品《胎教》：二米粒儿做胎教听《忐忑》，金句频出笑不停	综艺
农业农村部：夺取全年粮食丰收关键在秋粮	新闻
湖北暴雨一小区积水严重，男子楼顶捅管泄积水，大家出行注意安全	新闻
执法人员劝阻野泳男子反被锁树上，警方回应：人已带回所里，正在处理中	生活
山东“村BA”决赛一球员身高1米72，直接跳起扣篮：空中飞人	体育
遇到手持器械的家伙，第一时间就是跑！实在跑不了就这么干	体育
 骑着赃车去作案，这个小偷胆贼大	新闻
男子为省路费将自家4娃装车后铁笼	生活
女足世界杯｜中国队0比1不敌丹麦队	体育
平抑！韩国政府投放400吨储备盐，民众排队抢购	新闻
男子意外身亡，前妻直面巨额债务	新闻
女子清洗空调外机中暑被困4楼外，丈夫营救也被困，消防紧急施救	新闻
玩也能找工作！2023青岛西海岸新区人才供需对接活动举办	新闻
判决！尹锡悦岳母涉伪造巨额存款证明被捕	新闻
泪目！吴青峰唱《想念你的夜》怀念李玟，走心发言听哭观众	娱乐
转折点！巴黎停赛姆巴佩，面临千万索赔，皇马隔岸观火，低价捡漏	体育
毕业就被航天知名企业录取！杭州高职小伙一毕业被开18万年薪	新闻
《长相思》定档！杨紫邓为檀健次张晚意全员开虐，你更喜欢哪对？	电视剧
超大特大城市有哪些？最新名单来了	教育
偷瓜贼“小刺猬”把脑袋插西瓜里偷吃，当事人：它没有那么大的破坏力，吃就吃点吧	生活
【2023韩国公开赛】骆建佑 22-20 21-19 黄智勇 五分钟精彩球	体育
福建厦门：百年沙坡尾避风坞，潮流艺术新地标	新闻
足坛反腐又下两城，有5次“周末打虎”，５次一天打两“虎”	体育
世界泳联锦标赛女子400米自由泳预赛，李冰洁总成绩第8晋级决赛	体育
“舞”林盛会，三赛齐发	舞蹈
上半年银行结售汇顺差18亿美元	新闻
又一培训机构造假为“回流生”提供服务 西安公安：已抓获10人	新闻
福建农村奶奶用高压锅做甜品，摆摊40多年，1.5元1个手艺无人继承	美食
【赛后采访】苏州KSG.啊泽：当时是想把小兵推走，没想到小兵比我还猛	游戏
父亲为救女儿双双溺水，餐饮店夫妻俩果断跳海救人，紧急心肺复苏	生活
男生为恢复母亲听力立志学医，收到协和录取通知书给妈妈拆封	生活
帮帮侠热评：四川凉山少数民族小伙喜获北大录取通知书	新闻
暖心！4岁女孩走失在马路哭泣，男子站对面全程看护帮报警	新闻
《玉骨遥》女主任敏争议不断，甩锅剧组，却遭反呛：是她不愿配合	娱乐
多项法规禁止非法引进外来入侵物种	新闻
俄称乌军进攻无果，乌称进攻稳步推进	军事
21岁李玟与杜德伟献唱，天生大明星！这时候好漂亮	音乐
雷雨心演唱一首《以泪以痛以喧哗》，励志十足，给人以力量	音乐
俄黑海舰队军舰和海军航空兵在黑海举行封锁海域演习	军事
【视频】以一本书读懂一座城 《深爱你 圳等你》新书发布	新闻
暴徒殴打两男性致死、后又侵犯妻子游街，印度曼尼普尔邦发生暴乱	新闻
大暑节气来一杯蒙顶黄芽，炎热时节不急也不燥丨二十四时·茶事	文化历史
父母逼迫女儿做演员，女儿却只想早日结婚生子，哭着恳求父母成全	综艺
不满公共医疗系统，英国高级医生罢工	新闻
促进民营经济发展壮大，提振民营企业信心	新闻
关注俄乌冲突，俄称乌军进攻无果，乌称进攻稳步推进	军事
小品《特殊劝导》：王小欠撞车却没钱赔，包袱十足笑点一个接一个	综艺
国家防总对内蒙古辽宁吉林黑龙江启动防汛四级响应	新闻
北方地区还将可能出现两次降雨天气过程	新闻
宁波一租户墙内发现隐蔽暗箱藏40万巨额财物，已主动上交	新闻
女儿患病生命危在旦夕，父母却不管不顾，涂磊：这还有人情味吗	综艺
嘎子哥谢孟伟发声辟谣，没借一亿给王宝强拍电影，直播被断章取义	娱乐
镇守大门！大连人前场禁区前远射攻门 角度太正直接被张岩拿到	体育
刘烨子女法国街头宣传中国文化，12岁诺一变化大，待人谦卑有礼貌	娱乐
那年，库里和保罗，命运的齿轮开始转动	体育
爱心！印度残障人士当上咖啡师走红网络	新闻
7月20日，江苏一大妈街头穿针引线，耐心为“青蛙”缝缝补补	生活
王志强主任结合道具讲解管状胃	综艺
无知！男子想增加余额，往ATM机里塞冥币	新闻
这球精彩！费利佩凌空侧钩破门 划出美丽的弧线	体育
二孩妈妈放弃舞台6年后努力回归	新闻
行走京津冀｜李大人庄村：“量身定制”唤醒古村活力	新闻
鲁南鲁中半岛地区多云转阴，有雷雨或阵雨，山东最高温35℃左右	新闻
唱歌技巧教学： 两招教你唱出高质量假音，快来跟我学习吧！	音乐
史诗级强化！曼城一夜两官宣，1亿欧创纪录签格瓦，放行28球神锋	体育
泰安：落实汛期值班值守制度 严阵以待确保汛期安全	新闻
天天3·15：中介“两头吃” 房东租客都发愁	新闻
5个纬度追寻“中国式浪漫”新传承！这样的文化山东你爱了吗？	新闻
不愧是豪放的内蒙古人，斯琴高娃一喝酒，就忍不住唱祝酒歌！	综艺
美国海军战舰首次在外国港口服役	军事
《野挺有趣》黄宗泽张嘉元cos小婉管乐蒲熠星演零戏份许仙	综艺
基辛格再访华 美应展现应有的智慧和勇气	新闻
大巴黎挂牌出售姆巴佩，还有两种选择，皇马球迷别高兴太早了	体育
国家外汇管理局：2023年上半年外资净买入境内债券近790亿美元	新闻
世界名画！中国女足最燃一幕，张琳艳1对6，强硬射门，致敬梅西	体育
黄晓明摆宴席为95岁姥姥祝寿，6岁儿子呆萌可爱，一家21口同框温馨	娱乐
我国发布铀矿勘查最新成果，北方沉积盆地砂岩铀矿资源量增长显著	新闻
河南郑州推出免租人才公寓，破解大学生租房难题	新闻
哥伦比亚洪灾：搜救暂停 已有超20人死亡	新闻
强直性脊柱炎相关病情诊断分析，看看肖医生如何诊断(下)	生活
老人公交车站台摔倒 特警及时救助	新闻
李成儒笑谈演艺圈乱象：清一色“小鲜肉”占据市场，演戏全靠配音	综艺
夏天天太热，想减肥又不想动，这几类食物能够帮到你	生活
练书法、学射箭、看锡剧！在东林书院体验惬意“书式生活”	新闻
古今名家话山川——用文学的方式打开“山乡巨变”	新闻
乌克兰战俘坦言乌军斗志涣散：我们刚上前线 第二天就投降了	军事
雄性招潮蟹有两只大小不同的蟹钳，较大的蟹钳既能诱惑雌性又能击退对手	纪录片
男子强闯工地掌掴工作人员，涉嫌寻衅滋事被行拘10天	生活
尝试一脚！埃弗拉禁区外围兜射远角 王大雷轻松将球没收	体育
受精卵“出逃”钻进女子腹腔，宫外孕双胎怀在直肠上，危及生命！专家联手紧急手术	生活
美国宣布对俄近120个实体和个人实施制裁	新闻
神十六乘组在轨任务丰富多样有序开展	新闻
近距离直击红旗-16防空导弹：造型威武，导弹呼啸升空超震撼	军事
湖北咸宁多小区内涝消防救出24人：出动9车次，消防员53人	生活
右肺长期被20斤肿瘤压迫，已经萎缩，花季少女术后面临呼吸困难	综艺
农业农村部：夏粮略有减产不会对粮食市场产生大的冲击	生活
自古烂片出神曲，电影被疯狂吐槽，歌曲却火的一塌糊涂！	音乐
削球手几乎削不动，攻球手就要拉不动，一攻一削用意志拼到了最后	体育
相声演员李丁接球太厉害，没选对答案却仍然接到了球	综艺
滕哈格花一亿四面楚歌，阿尔特塔夯实心理优势，曼联约战阿森纳唯看芒特对抗赖斯？	体育
趋势！2022年韩国成人纸尿裤供应量是婴幼儿的近两倍	新闻
iPhone 14 Plus，为何降价也卖不爆？	数码
羽毛球界的神雕侠侣！林丹通过高强度足球练体能，妻子体能却极差	综艺
上半年社会保障重点改革稳步实施	新闻
成立巡逻队、发放宣传纸、实景演练，平阴多举措筑牢防溺水安全线	新闻
打卡2023年教博会！八大战区全面展示技术前沿产品，吸引众人目光	新闻
湖北武汉：看《长安三万里》，登“江夏黄鹤楼”	新闻
藤椒口味大闸蟹，熟醉做法超入味儿！	综艺
意大利警方查获逾5吨可卡因 系有史以来查获的最大一批可卡因	新闻
湖北武汉：暑期托管“托”起多彩夏日生活	新闻
瓜地挂条幅被拆事件追踪：沈阳新民城管表示已获瓜农谅解	生活
俄罗斯卡马河上出现巨大“拐弯”水龙卷，场面蔚为壮观	新闻
大娘抓“知了猴”坠井被困一夜，第二天家人发现后报警，消防员30分钟紧急救援	生活
世界泳联世锦赛男子10米台决赛 练俊杰第三跳87.50分	体育
山高水长物象千万！百人王屋山同书《上阳台帖》	新闻
22岁黑马横空出世！中国跳水爆冷丢金，世界冠军多次失误难掩失望	体育
登船不易！老詹梅西迈阿密上演梦幻联动	体育
俄称乌军攻势无果，乌称进攻稳步推进	军事
英国铁路工作人员再次举行大规模罢工	新闻
撕破脸！姆巴佩无缘大巴黎亚洲行名单，若不续约新赛季恐遭雪藏	体育
外媒称美国将再向乌提供4亿美元军援	军事
哈尔滨：执法人员突击检查烧烤店  保证舌尖安全	新闻
LPL季后赛：EDG可能都要懵了！OMG绝境打出完美团	游戏
抗美援朝战争胜利70周年，一场特殊的仪式，向最可爱的人致敬	军事
总编辑看无锡 | 以锡城为窗，解码中国式现代化的现实图景	新闻
0-1！中国女足不敌丹麦队，第89分钟遭绝杀，遭遇世界杯开门黑	体育
清名桥历史文化街区：因运河而兴的江南水弄堂，自古就是“网红打卡地”	新闻
基辛格刚结束访华，布林肯邀请会面，沙利文提解决中美矛盾方案	新闻
宁夏贺兰：巨幅稻田画引客来	新闻
大爆发！国乒世界冠军一日四胜！樊振东独得两分状态爆棚	体育
小品《提拔》：邵峰提拔主任坑惨潘长江，接二连三引爆笑	综艺
防空导弹车载射击有多难？角度只要偏一度，目标就会丢！	军事
嘎子哥发飙辟谣！否认借给王宝强1个亿，被全网黑了3年好惨	娱乐
药店误将禁用药当保胎药卖给高龄孕妇，致其流产后被判赔4万余元	新闻
后续来了！逆行司机下车还讨要说法，西安交警迅速核查处罚	新闻
刘戈：压实责任，让中小微企业的资金转起来	新闻
小品《歪打正着》：小区停电却正好把小偷困住了，笑点高度密集	综艺
前车急刹面包车上演丝滑走位，差一点发生追尾，网友看呆了！	新闻
道尔-M1地空导弹和红旗-16相比，有一项十分突出的作战优势！	军事
乌克兰市议员质疑市政维修牵涉腐败：花费千万资金维修一栋平房建筑	新闻
房子100多万，装修200多万，阴阳合同的真实房价，法院如何认定？	教育
世界泳联锦标赛女子200米个人混合泳预赛，叶诗文小组第三晋级半决赛	体育
巴勒斯坦卫生部称：以军在约旦河西岸打死一名巴勒斯坦人	军事
外媒称美国将再向乌提供4亿美元军事支持	军事
小品《提拔》：邵峰提拔主任坑惨潘长江，观众笑的直不起腰	综艺
“渝可渝爱”1岁啦！大家来祝它们“生日快乐”	新闻
英国环保主义者上街占路急坏孩子母亲，反复要求让路却仍遭无视	生活
楼上邻居在打架！一家人神默契跑去看热闹，各种行为爆笑了	新闻
二手房买卖合同关键内容？	教育
TTG道崽首秀惊艳，九尾MVP引争议，0-5火舞跟紫幻高下立判	游戏
十里河桥积水深至40cm，排水集团全力处置，目前交通已恢复	生活
关注俄乌冲突，外媒称美国将再向乌提供4亿美元军援	军事
首届中国国际供应链促进博览会英国站路演在伦敦举办	新闻
蓝色奥迪车当街撒出涉诈小卡片，义警恰好碰上，果断跟踪包抄抓人	新闻
乌军士兵用手雷制作陷阱，没想到玩砸了，下辈子注意点吧	军事
母亲想和女儿断绝关系，律师表示，法律不支持	综艺
心脏长错了位置，会不会影响寿命？	生活
罕见！女子怀双胞胎，受精卵钻进腹腔，最终在直肠上安家	生活
2023暑期档电影票房已达100亿元 国产影片位居票房榜前三	影视综艺
小伙是一名魔术师，却因身材肥胖缺少灵活度，受尽歧视	综艺
周六问效：连夜抢修施工 居民再无困扰	新闻
航拍新疆赛里木湖，蓝宝石湖面非常治愈，满目所及都是夏日清凉	旅游
绚烂如画！广东河源火烧云染红天际	旅游
暴雨倾泻，乌云压顶，市民在家拍摄长沙暴雨来临过程	生活
满身疾病的肿瘤博美，术后护理需加倍呵护，精制营养病号餐被娇宠	生活
提起小儿子，老母亲似乎怨气不小，其中有什么隐情	综艺
“把人运到柬埔寨出售肾脏” 印尼警方破获一非法器官交易案	新闻
30秒｜各国代表团运动员陆续入住大运村	新闻
美国政客毫无下限，众议院会上出现辣眼睛一幕，女议员掏出不雅照	新闻
春妮用蒙古礼仪敬酒斯琴高娃等人，一饮而尽，不愧是女中豪杰！	综艺
以竞争为幌子，美芯片遏华层层加码	新闻
这里出现2000只死亡企鹅！当地环境部门：并非禽流感所致	生活
工程师舍身救人 各界纷纷伸出援手 妻子：将更多时间陪伴家人	新闻
哈登离队闹剧造两大影响：恩比德受多队关注，塔克也出现在与快船交易讨论中	体育
中央追逃办：上半年全国共追回外逃人员582人	新闻
美军一架无人侦察机在波兰坠毁	军事
女排颜值担当赵蕊蕊：幸福标准因人而异，对另一半一切随缘	综艺
拥有良田4000亩的大地主，却散尽家财举家抗日，爱国岂可分穷富？	文化历史
这一拽，救了一条命！男子欲跳桥轻生被众人牢牢拽住	新闻
AI合成主播丨巴西航空企业宣布建设“飞行车”工厂	新闻
母亲不幸患心脏病，生命进入倒计时，父子俩齐心协力为她治病	综艺
【集锦】浙江队2-1山东泰山 穆谢奎点射破门 张佳祺头球绝杀	体育
行走京津冀｜ “铁锈带”变成“彩绣带”	新闻
和我一起来玩木头吧！	生活
宿舍五人全部考上“双一流”！男生：四个室友，两个清华两个北大！	新闻
百日行动，清理网络谣言信息超70万条	新闻
美空军在太平洋“最大规模”战备演习结束	军事
零基础藏族舞！最简单的步伐“左右单靠步”这么一教立马就学会	舞蹈
5连败，世界亚军碰到国乒主力一胜难求！林高远连续两场独得两分	体育
50亩七彩睡莲争相开放，安吉还藏有如此惊艳的园林，草坪适合露营	旅游
防空演练一切未知，所有空情临机导调，现场紧张刺激！	军事
宠粉进行时！小编都看到了，你们催催催的完整版《小河淌水》它来啦！	音乐
普法剧：女人想借厨房给女儿做菜，遇到好心摊主	电视剧
墨西哥一城镇遭沙尘暴袭击，目击者用手机拍下全过程	生活
农业农村部第二轮土地承包到期后再延长30年试点实现省级全覆盖	生活
国内首款纯电全驱重型矿山自卸车在十堰下线	新闻
小霸王！小斯生涯十佳球回顾 扇詹皇帽邓肯+各种隔人暴扣	体育
泽连斯基隔空对俄方撂下狠话：克里米亚大桥必须清除	军事
小品《老爸》，张小斐见家长被未来公公气坏，看完想不笑都难	综艺
俄军导弹越打越准，被炸的乌军很不解，到底是谁在帮俄罗斯？	军事
世界气象组织专家谈极端高温，本轮热浪将持续至8月，极端高温或更频繁	新闻
热干面乐队唱《黄石路》：“伢咧！回来吃饭咧！”	音乐
福建泉州：现代中医治疗儿童孤独症公益项目正式启动	新闻
Mini主机功能再跃进，化身家用Nas你敢想？	数码
我国5G移动电话用户达6.76亿户	新闻
杭州龙门古镇因洪水闭园，景区：都被淹了，正在开展清理工作	生活
女子在海底捞看外国小哥熟练的甩面，乐在其中超快乐，网友围观！	新闻
视频丨遇见·鸾山	旅游
数千只南澳海狗准备繁殖后代，雄性海狗即将投入战斗	纪录片
【视频】局地水深2米！咸宁暴雨引发内涝，疏散群众223人，暂无人员伤亡	新闻
3厘米长活体剪齿牛蚁入境被查，系毒性最强的蚁类之一，属外来物种	新闻
自主研发，国产核磁共振仪实现量产	新闻
农业农村部：将努力扩大农业农村有效投资	新闻
蔡办否认美国对赖清德不满，国民党批民进党“软弱、避重就轻”！	新闻
英国过去十年，英格兰乡村超四分之一公交线路停运	新闻
居民抱怨楼上空调外机噪声过大 影响休息？邻居：已加了防震垫	新闻
转会“定心丸”罗马诺的一天，每天只睡3小时的工作狂	体育
周周独自旅行摩洛哥，非斯古城小伙带路套路深，大染缸值不值得看	旅行风景
孤注一掷：原来关谷是对王传君最大的误解，张艺兴竟被导演骗惨了	电视剧
国内第一部全唐诗题材音乐剧《诗国少年》火热开演	新闻
大陆师生团访台第8天，台湾学生谈交流感受：两岸年轻人“同文同种”	生活
欧盟提出四年内向乌提供200亿欧元军事支持，匈牙利外长：此举意味着延长冲突	新闻
结婚还赶场！恩比德和特雷杨都在今日完婚，知名说唱歌手Quavo为吹杨献唱	体育
张兰抱着孙子跟肖肖连线，7岁小箖箖只露半只胳膊，表达方式有点胆怯	娱乐
郭峰演唱《让世界充满爱》，歌词耳熟能详，满满的回忆	音乐
美士兵越界细节曝出，趁被遣返前混入旅行团，大笑后直接奔向朝方	军事
国产大邮轮试航，造船是中国崛起的重要保障	科技
世锦赛女子100米蝶泳预赛，张雨霏小组第一，王一淳小组第二携手晋级	体育
集束炸弹致俄记者身亡，俄方：美国已越过所有“道德红线”	军事
上半年13家跨国企业研发中心落户上海	新闻
大暑到，农事忙！夏天最后一个节气来了！	教育
大运来了·大运村，开村了	新闻
这不是巴黎时装周，这是贵州民族服装秀，原来“多彩贵州”已经被贵州人民穿在了身上！	时尚
布加迪威龙强行加塞，与后方宝马连续碰撞，交警：布加迪司机全责	新闻
中国女足无缘世界杯开门红 下一场将背水一战对阵海地女足	体育
中国散打王刘献伟：我想成为冠军！	体育
水利部：辽宁吉林两地部分河流将出现涨水过程	新闻
宅斗女主姚子羚，比巾帼枭雄更虐心，狼系男友重生复仇！	电视剧
绝杀夺杆位！汉密尔顿匈牙利单站9个杆位破单站杆位最多纪录	体育
汤普森的新合同的年薪多少合适呢？	体育
探访浙江最大快递员聚居点：我爸爸是快递员，这儿有我最大的幸福	新闻
陕西：视频记录秦岭野生大熊猫与羚牛“对峙”画面	新闻
2023温网美图	体育
白岩松替女足发声：平时比赛没人看，一到大赛要成绩，我有些不好意思	体育
丁霞回归，让女排吃定心丸！陈曦悦入选，朱婷吴梦洁何时归来？	体育
贵州遵义：军地多部门联合助力退役军人创业创新	军事
曝伍德和湖人的讨论正在升温！可能签底薪合同辅佐詹眉	体育
“百家科创企业和百名高层次人才”上合行北京专场在青岛举办	新闻
杨洋王楚然有多甜？首度合体上综艺狂撒狗粮，一旁魏大勋满脸羡慕	综艺
关注俄乌冲突 俄称俄记者遭乌军集束弹药炮击1人死亡	军事
黑龙江鹤岗发生一起农用作业飞机坠毁事故，2人身亡	生活
江苏一奥迪车主显摆车技致失控砸伤路人，司机被控制	生活
别买最贵的！iPad终于不是唯一真神了？安卓平板横评选购推荐	数码
3-0！世界杯酿首场惨案，西班牙6分钟3球+狂轰46脚射门，剑指冠军	体育
阿普萨萨演唱《云上人家》，经典旋律，让人无比回味	音乐
你知道《儒典》是什么吗？	文化历史
球迷没走，中国女足球员也没走，绕场一圈致谢！水庆霞：我的责任	体育
中国女足遭绝杀！水庆霞：很感谢队员 她们已拼尽全力	体育
动画电影《长安三万里》带动图书《长安诗选》热销两万多册，目前断货加印中	影视综艺
工作人员劝阻野泳男子起争执被锁树上，警方通报：涉事男子被行拘15日	新闻
乌军正式使用集束弹药 俄乌战场走入新阶段	军事
香椿辛温可以散寒除冷，有温散、温阳的作用，可以助心阳、调心	综艺
文学大师满腹经纶，可惜不能当钱花，被多位老板拒之门外	综艺
国家外汇管理局：我国外汇储备规模基本稳定	新闻
明代唯一一件存世古代冕冠！探秘山东博物馆“鲁荒王九旒冕”	新闻
学思想，强党性，重实践，建新功，以学促干，福建持续深化生态省建设	新闻
“社区当家人”何庆辉：公益大集、民情恳谈会，全心为居民服务	新闻
济南突降大雨，多处易积水路段并未发现积水，车辆通行顺畅	新闻
华东华南都有可能！台风杜苏芮即将变强，新台风胚胎已经出现	新闻
全球动漫热度2011-2023，国漫崛起，必看12部佳片有哪些？	动漫
长城小剧场·暑期安全丨孩子！危险！	新闻
抚育树木四年 却被告知林地属于他人？林业局：地仍属村集体所有	新闻
阳朔筏工打人事件疑反转，旁观者：游客先挑起事端，为何没受处罚	新闻
美国总统国家安全顾问：瓦格纳退出俄乌战场是俄军的重大损失	新闻
杜旭东常演狗腿子角色，王姬感叹：你的长相是老天爷赏饭吃	综艺
84岁的奶奶不吃肉，大厨做了道“瓦块鱼”，大家吃的很开心！	美食
宽吻海豚在崎岖的海床上捕鱼时，海绵可以保护它敏感的吻突	纪录片
2023年沙湖公园赏荷活动闭幕	新闻
女子睡竹席被竹刺扎屁股，医生找2小时才拔出，网友直呼太真实：刚经历过	新闻
最胖魔术师讲述减肥史，数次减肥都以失败告终，如今坦然面对生活	综艺
外交部例行记者会，日本学者首次发现731部队职员表等官方文件	新闻
绿媒报道与朱立伦通话谈“蓝白合”，柯文哲提告	新闻
农业农村部：农业灾害形势复杂，夏粮丰收来之不易	新闻
阿壮夜宵做椒盐烤羊蹄，皮脆筋硬下酒一绝，兵哥牙口不好没口福	美食
当歌手下雨天演出！有人淋成“落汤鸡”，有人“在线施法”	音乐
【视频】逛展啦！第十届深圳国际电玩节人气高	新闻
巴西：民众拥有及携带枪支数量将受限	新闻
肿瘤巨大阻碍手术视野，术中血压骤降，18岁少女命悬一线	综艺
【进球】牟鹏飞扑球脱手 阿代米抢到二点转身抽射破门	体育
斯琴高娃的艺术修养：成功背后需付出汗水，靠作品说话才是好演员	综艺
微山县12个双招双引重点项目集中签约，总投资超50亿元	新闻
男童头卡防盗窗 路人开叉车托举营救	生活
60多项空间科学与应用项目取得重要进展	新闻
双非想逆袭名校成炮灰的2点表现	教育
湘湘的晚安系列｜女生在看偶像张杰演唱会时被惊喜求婚	生活
小品《不该发生的事》：孙涛被金玉婷、黄杨整崩溃，观众笑倒一片	综艺
印度政坛风云突变，26个反对党联合采取行动，莫迪这回麻烦大了	新闻
男子轿车被撞后选择“私了”，此前答应承担责任的肇事者竟然化身“老赖”	生活
男子高处坠落摔伤 交警开辟“生命绿色通道”	新闻
落夜前瞻预测：小虎帮前队友复仇成功！WBG轻松拿下NIP	游戏
大运来了·世界共期待，成都待客来	新闻
雨过天晴！三峡库区出现平流云美景	新闻
【赛后采访】北京WB.小白熊：那把经济很高，白起有坦度有伤害就上去了	游戏
华罗庚先生他在读了卢纶这首《塞下曲》之后，也写了一首五言的小诗	文化历史
不满待遇和工作条件！英国高级医生举行罢工，影响非急诊患者就医	新闻
年幼的雄性海狗练习搏斗，它们必须在成年时掌握这项技能	纪录片
白俄部署核武器引反应，波兰增兵东部边境，普京见状直接强势警告	军事
长征五号系列运载火箭发动机工作时，燃烧室温度可达3000℃！	科技
练为战！武警河南总队开展后装专业比武竞赛	军事
三大运营商5G套餐用户超12.48亿	财经
暑期体育培训市场爆火，各色课程丰富孩子暑假生活	新闻
黑哨？张琳艳拿球被丹麦队拉拽衣服 裁判竟判罚张琳艳犯规	体育
绝杀夺杆位！汉密尔顿匈牙利单站9个杆位破单站杆位最多纪录	体育
老人在烈日下收割水稻，收割机师傅：看到他们就想起了家里的老父亲，能帮就帮一把！	生活
世界泳联锦标赛女子200米个人混合泳预赛，余依婷小组第二晋级半决赛	体育
温暖瞬间！女子载父母就医被困雨中，消防车变“救护车”平安护送	新闻
2022年韩国成人纸尿裤供应量大幅超过儿童纸尿裤	新闻
浙江金华：跨区域引水！为30万亩灌区“解渴”	新闻
当范丞丞遇上王鹤棣：海边戏水相爱相杀不停，杨颖：一个比一个疯	综艺
湖南益阳，实拍7279次列车开出泥江口站，这是益湛铁路上的小站	旅游
意义非凡！阳谷小学教师手绘肖像画，为44名学生量身定制毕业礼物	新闻
天文学基础系列—地月系统	科学
总决赛疯狂催泪！美依礼芽龚琳娜演唱《岁月》reaction	音乐
博物馆奇妙夜：夜间“那达慕”	新闻
大白鲨捕食海狗，一直穷追不舍，海狗能否逃脱？	纪录片
台湾选举轮不到美国说三道四！陈挥文呛：管好你们自己的事就好	新闻
